y,u
0.0697433896098,-0.241564079984
0.123231977983,-0.275232514101
0.12338958706,-0.274893959224
0.126621565043,-0.278642209867
0.132929249227,-0.27776618145
0.135731398272,-0.276875546087
0.136061556962,-0.279459377769
0.141858853558,-0.275338348133
0.141981054866,-0.27602940199
0.144976202416,-0.274728643614
0.15137715873,-0.270322659855
0.154749539774,-0.268277034991
0.154792907529,-0.267447944494
0.161680713182,-0.261451193574
0.161687693731,-0.261957906427
0.16520311834,-0.258596119475
0.172280315188,-0.251286864929
0.175818913613,-0.248072296361
0.175818913613,-0.247270223817
0.182896110461,-0.239625154509
0.182896110461,-0.240431600189
0.186434708885,-0.236336610654
0.193511905733,-0.228756377943
0.197050504157,-0.224659703518
0.197050504157,-0.225499384578
0.204127701005,-0.218267925414
0.204127701005,-0.217473960869
0.207666299429,-0.214409347281
0.214743496277,-0.207699704213
0.218282094701,-0.204113689967
0.218282094701,-0.204792441234
0.225359291549,-0.197975275264
0.225359291549,-0.198575966207
0.228897889973,-0.195296141605
0.235975086822,-0.189595142347
0.239513685246,-0.186581353569
0.239513685246,-0.187028275426
0.246590882094,-0.181673451023
0.246590882094,-0.181294488858
0.250129480518,-0.178886024769
0.257206677366,-0.173841442475
0.26074527579,-0.171204127715
0.26074527579,-0.171468161247
0.267822472638,-0.166587329251
0.267822472638,-0.166363949224
0.271361071062,-0.164079252975
0.27843826791,-0.159335155171
0.281976866334,-0.156881564864
0.281976866334,-0.157039152993
0.289054063182,-0.152355391438
0.289054063182,-0.152219548617
0.292592661606,-0.149974995696
0.299669858454,-0.145347148212
0.303208456879,-0.143074612328
0.303208456879,-0.142977818936
0.310285653727,-0.138389515577
0.310285653727,-0.138470716295
0.313824252151,-0.136153904816
0.320901448999,-0.131582302303
0.324440047423,-0.129265306782
0.324440047423,-0.129313718878
0.331517244271,-0.124754737692
0.331517244271,-0.124722685124
0.335055842695,-0.122483459574
0.342133039543,-0.117948734986
0.345671637967,-0.115672252788
0.345671637967,-0.115675163877
0.352748834815,-0.111139686602
0.352748834815,-0.111161042287
0.356287433239,-0.108905898322
0.363364630088,-0.104386842048
0.366903228512,-0.102088758938
0.366903228512,-0.102147509621
0.37398042536,-0.0975573932041
0.37398042536,-0.097635585591
0.377519023784,-0.0953495335011
0.384596220632,-0.0908168035745
0.388134819056,-0.0885980432418
0.388134819056,-0.0884823923416
0.395212015904,-0.0839220202643
0.395212015904,-0.0840567639676
0.398750614328,-0.0817251486886
0.405827811176,-0.0771483449959
0.4093664096,-0.0747650972292
0.4093664096,-0.0749352270727
0.416443606448,-0.0703360943564
0.416443606448,-0.0701481445252
0.419982204872,-0.0679477151003
0.427059401721,-0.0633024555795
0.430598000145,-0.0610823387518
0.430598000145,-0.0608623485984
0.437675196993,-0.0561692695257
0.437675196993,-0.0564052664515
0.441213795417,-0.0539539969613
0.448290992265,-0.0492254761734
0.451829590689,-0.0469898580643
0.451829590689,-0.0467258094874
0.458906787537,-0.0419471197919
0.458906787537,-0.0422250175565
0.462445385961,-0.0397101334702
0.469522582809,-0.0348937414745
0.473061181233,-0.0323369571583
0.473061181233,-0.0326385905062
0.480138378081,-0.027785963696
0.480138378081,-0.0274728985467
0.483676976506,-0.0252116405306
0.490754173354,-0.0203118014426
0.494292771778,-0.018036973403
0.494292771778,-0.0177046386111
0.501369968626,-0.0127636239338
0.501369968626,-0.0131045569389
0.50490856705,-0.0104788053172
0.511985763898,-0.00550748528959
0.515524362322,-0.00285957061319
0.515524362322,-0.00321515599958
0.52260155917,0.00178196087724
0.52260155917,0.00214299649071
0.526140157594,0.00444861705849
0.533217354442,0.00947434196874
0.536755952866,0.0117802497815
0.536755952866,0.0121509940936
0.543833149714,0.016823956752
0.543833149715,0.0171972645987
0.547371748139,0.0195194213405
0.554448944987,0.0245805513632
0.557987543411,0.0268965465137
0.557987543411,0.0272739703308
0.565064740259,0.0323446790596
0.565064740259,0.0319674821953
0.568603338683,0.0346800410584
0.575680535531,0.0397583824325
0.579219133955,0.0420807809264
0.579219133955,0.0424566521262
0.586296330803,0.0475355505504
0.586296330803,0.0471628568413
0.589834929227,0.0498807625015
0.596912126075,0.0549622356925
0.600450724499,0.0576549057542
0.600450724499,0.057289026895
0.607527921348,0.0623706209302
0.607527921348,0.0627304992169
0.611066519772,0.0650845246522
0.61814371662,0.0701606084187
0.621682315044,0.0728403482235
0.621682315044,0.0724927020956
0.628759511892,0.077568796619
0.628759511892,0.0779078201114
0.632298110316,0.0802729771354
0.639375307164,0.0853429311377
0.642913905588,0.0880069042548
0.642913905588,0.0876852263316
0.649991102436,0.0930706475381
0.649991102436,0.0927598425989
0.65352970086,0.0954537809658
0.660606897708,0.100527638708
0.664145496132,0.102890351439
0.664145496133,0.103179510405
0.671222692981,0.107980177535
0.671222692981,0.10825694963
0.674761291405,0.110670961522
0.681838488253,0.115774064954
0.685377086677,0.118426918706
0.685377086677,0.118174418246
0.692454283525,0.12355372412
0.692454283525,0.123313867462
0.695992881949,0.126019245086
0.703070078797,0.131197324885
0.706608677221,0.133660837228
0.706608677221,0.133876339743
0.713685874069,0.13890585886
0.713685874069,0.139109995969
0.717224472493,0.141655703754
0.724301669342,0.146975200279
0.727840267766,0.14971615893
0.727840267766,0.149534132242
0.734917464614,0.155129594333
0.734917464614,0.154956926682
0.738456063038,0.157787861154
0.745533259886,0.16332091088
0.74907185831,0.166158041877
0.74907185831,0.166005846648
0.756149055158,0.171811335698
0.756149055158,0.17166860615
0.759687653582,0.174605129999
0.76676485043,0.18038792429
0.770303448854,0.183326123429
0.770303448854,0.183209241597
0.777380645702,0.189109016065
0.777380645702,0.189209219139
0.780919244126,0.192128928181
0.787996440975,0.19809237184
0.791535039399,0.201013630407
0.791535039399,0.201068624353
0.798612236247,0.207005829079
0.798612236247,0.20702474882
0.802150834671,0.209999823412
0.809228031519,0.215886789934
0.812766629943,0.218801660724
0.812766629943,0.218743842424
0.819843826791,0.224399453107
0.819843826791,0.224524782217
0.823382425215,0.22727417972
0.830459622063,0.232561760493
0.833998220487,0.235076522336
0.833998220487,0.235301062829
0.841075417335,0.240100211998
0.841075417335,0.239867436273
0.844614015759,0.242354125471
0.851691212608,0.246084064174
0.855229811032,0.248367981715
0.855229811032,0.248250930827
0.86230700788,0.250271092223
0.86230700788,0.25149841209
0.865845606304,0.252493993365
0.872922803152,0.250935010174
0.876461401576,0.254133493785
0.876461401576,0.25333756318
0.93025661039,0.270394221703
