x,v
0.0,0.0
0.005,0.167712294821
0.01,0.167712294821
0.015,0.167712294821
0.02,0.03495217849459045
0.025,0.17412897409334538
0.03,0.19331998112281595
0.035,0.21251098815228653
0.04,0.23170199518175713
0.045,0.2508930022112277
0.05,0.2700840092406983
0.055,0.2892750162701689
0.06,0.30846602329963946
0.065,0.32404409675208967
0.07,0.3391992224774658
0.075,0.3478338751676813
0.08,0.3548605815837923
0.085,0.36188728799990333
0.09,0.36891399441601436
0.095,0.3759407008321255
0.1,0.3829674072482365
0.105,0.3883860959708301
0.11,0.39292741130334535
0.115,0.39699382192613875
0.12,0.4010602325489321
0.125,0.4051266431717255
0.13,0.40909457399389404
0.135,0.411273059956681
0.14,0.4084615797476755
0.145,0.40565009953867015
0.15,0.402466889744804
0.155,0.39893384612353844
0.16,0.39540080250227305
0.165,0.3914055219898541
0.17,0.3871534488825287
0.17500000000000002,0.3826656901205315
0.18,0.3764026667817383
0.185,0.37013964344294503
0.19,0.36377878028753674
0.195,0.35717595407814406
0.2,0.3505731278687514
0.20500000000000002,0.3439703016593587
0.21,0.33736747544996604
0.215,0.3307646492405733
0.22,0.32400744380344576
0.225,0.31721238929693246
0.23,0.3104491747955178
0.23500000000000001,0.30417875573724623
0.24,0.2979083366789747
0.245,0.2916379176207031
0.25,0.2853674985624316
0.255,0.27909707950416
0.26,0.27305093575077444
0.265,0.26716997670488707
0.27,0.2612890176589997
0.275,0.2555685827117464
0.28,0.24993484116992382
0.28500000000000003,0.2443693529510275
0.29,0.23885094909908444
0.295,0.23333254524714125
0.3,0.22784556541579198
0.305,0.2224172996554735
0.31,0.21698903389515506
0.315,0.21161253568485322
0.32,0.2062696657407539
0.325,0.20092679579665462
0.33,0.19558774644059237
0.335,0.19029765215848868
0.34,0.18505323913214317
0.34500000000000003,0.1797789536684142
0.35000000000000003,0.17450466820468524
0.355,0.16927869124081593
0.36,0.16413188035285226
0.365,0.1589850694648886
0.37,0.15383825857692499
0.375,0.14869144768896134
0.38,0.1435446368009977
0.385,0.1384530308109658
0.39,0.13336796082341668
0.395,0.12830280026651836
0.4,0.12334895127625234
0.405,0.11836110429684023
0.41000000000000003,0.1133930135881692
0.41500000000000004,0.10846723052894627
0.42,0.10354144746972341
0.425,0.09862884901737484
0.43,0.09372283604176603
0.435,0.08881682306615718
0.44,0.08402557410057133
0.445,0.07921691341360436
0.45,0.0743924386979546
0.455,0.06959408122214078
0.46,0.06479572374632694
0.465,0.059995378862384305
0.47000000000000003,0.05519250101098873
0.47500000000000003,0.05038962315959315
0.48,0.04563670460166398
0.485,0.0409054795064219
0.49,0.0361742544111798
0.495,0.031443029315937704
0.5,0.026711804220695617
0.505,0.021969744015422357
0.51,0.017187509570784642
0.515,0.012405275126146928
0.52,0.007681765553756947
0.525,0.003011905539121997
0.53,-0.0017726377286369816
0.535,-0.0065455186334801695
0.54,-0.011314033070766913
0.545,-0.016082547508053657
0.55,-0.020913595594992666
0.555,-0.02574558483155666
0.56,-0.030575776125699717
0.5650000000000001,-0.03540035907950618
0.5700000000000001,-0.04022494203331265
0.5750000000000001,-0.045071946236551655
0.58,-0.049942315647528636
0.585,-0.05481925946030816
0.59,-0.05976042570836625
0.595,-0.06472210334351376
0.6,-0.06968500821863212
0.605,-0.07472577207353336
0.61,-0.0797665359284346
0.615,-0.08480729978333587
0.62,-0.08984806363823711
0.625,-0.09488882749313836
0.63,-0.1000058366212579
0.635,-0.10519027238611106
0.64,-0.11037470815096423
0.645,-0.11556486384687022
0.65,-0.12081160454831921
0.655,-0.12613814657123942
0.66,-0.13152420485435595
0.665,-0.13691026313747248
0.67,-0.14233321874267726
0.675,-0.14784087024182874
0.68,-0.15334852174098024
0.685,-0.15897421767359013
0.6900000000000001,-0.16469227390252872
0.6950000000000001,-0.17041033013146728
0.7000000000000001,-0.17612838636040584
0.705,-0.1818464425893443
0.71,-0.18758558428375371
0.715,-0.19357982339494578
0.72,-0.19957406250613785
0.725,-0.20565510301874082
0.73,-0.21190915484820647
0.735,-0.21816320667767214
0.74,-0.22441725850713778
0.745,-0.23067131033660346
0.75,-0.23692536216606908
0.755,-0.2435303890556033
0.76,-0.2501970205176598
0.765,-0.25686903476566414
0.77,-0.2635834322319899
0.775,-0.2702978296983156
0.78,-0.27701222716464136
0.785,-0.2837266246309671
0.79,-0.2904410220972929
0.795,-0.2973438267226375
0.8,-0.30436120101831177
0.805,-0.31137857531398605
0.81,-0.3180274530277212
0.8150000000000001,-0.3246298939838612
0.8200000000000001,-0.33123233494000126
0.8250000000000001,-0.337621628879324
0.8300000000000001,-0.3436935339083668
0.835,-0.34904699885127877
0.84,-0.3548164359116352
0.845,-0.3609374582542284
0.85,-0.36705848059682156
0.855,-0.37283191164950347
0.86,-0.3784850658616714
0.865,-0.3842067664975787
0.87,-0.3949684665658063
0.875,-0.4072688401931395
0.88,-0.4210251726330209
0.885,-0.4347815050729022
0.89,-0.4485378375127836
0.895,-0.4613137219096325
0.9,-0.47360246340105294
0.905,-0.4836653064838659
0.91,-0.49372814956667893
0.915,-0.5037909926494918
0.92,-0.5138538357323048
0.925,-0.5239166788151177
0.93,-0.5281817402367533
0.935,-0.5023996712031656
0.9400000000000001,-0.4766176021695779
0.9450000000000001,-0.4579186967218447
0.9500000000000001,-0.43995228035842815
0.9550000000000001,-0.4219858639950116
0.96,-0.4040194476315954
0.965,-0.3860530312681788
0.97,-0.3680866149047623
0.975,-0.35012019854134574
0.98,-0.20778699522824176
0.985,-0.421158555573
0.99,-0.421158555573
0.995,-0.421158555573
1.0,0.0
