time,step,deltaT,maxCo,residualIntegral,minT,maxT,amplitude
0.004999999999999978,1.0,0.005,0.2,-1.56125112838e-17,-0.99976045354,0.99976045354,0.99976045354
0.009999999999999957,2.0,0.005,0.2,3.03576608296e-18,-0.995512069413,0.995512069413,0.995512069413
0.014999999999999935,3.0,0.005,0.2,-4.33680868994e-19,-0.997528349068,0.997528349068,0.997528349068
0.019999999999999914,4.0,0.005,0.2,1.21430643318e-17,-1.00518845947,1.00518845947,1.00518845947
0.02499999999999989,5.0,0.005,0.2,1.73472347598e-18,-1.00884585627,1.00884585627,1.00884585627
0.02999999999999987,6.0,0.005,0.2,3.85975973405e-17,-1.00847174811,1.00847174811,1.00847174811
0.03499999999999985,7.0,0.005,0.2,8.67361737988e-19,-1.00405340413,1.00405340413,1.00405340413
0.03999999999999983,8.0,0.005,0.2,-1.04083408559e-17,-1.00661330452,1.00661330452,1.00661330452
0.044999999999999804,9.0,0.005,0.2,-1.82145964978e-17,-1.01420899729,1.01420899729,1.01420899729
0.04999999999999978,10.0,0.005,0.2,1.38777878078e-17,-1.01776558617,1.01776558617,1.01776558617
0.054999999999999764,11.0,0.005,0.2,5.63785129692e-18,-1.01725455548,1.01725455548,1.01725455548
0.05999999999999974,12.0,0.005,0.2,4.33680868994e-18,-1.0126635958,1.0126635958,1.0126635958
0.06499999999999972,13.0,0.005,0.2,-3.03576608296e-18,-1.0157765679,1.0157765679,1.0157765679
0.0699999999999997,14.0,0.005,0.2,-2.60208521397e-18,-1.02330607047,1.02330607047,1.02330607047
0.07499999999999968,15.0,0.005,0.2,1.08420217249e-17,-1.02675976577,1.02675976577,1.02675976577
0.07999999999999965,16.0,0.005,0.2,-7.48099499015e-18,-1.02610942107,1.02610942107,1.02610942107
0.08499999999999963,17.0,0.005,0.2,-2.47198095327e-17,-1.02134315688,1.02134315688,1.02134315688
0.08999999999999961,18.0,0.005,0.2,2.08166817117e-17,-1.02501877397,1.02501877397,1.02501877397
0.09499999999999958,19.0,0.005,0.2,-9.54097911787e-18,-1.03248028773,1.03248028773,1.03248028773
0.09999999999999956,20.0,0.005,0.2,3.12250225676e-17,-1.03582897522,1.03582897522,1.03582897522
0.10499999999999955,21.0,0.005,0.2,-1.21430643318e-17,-1.03503689403,1.03503689403,1.03503689403
0.10999999999999953,22.0,0.005,0.2,-4.33680868994e-18,-1.03009260322,1.03009260322,1.03009260322
0.1149999999999995,23.0,0.005,0.2,6.07153216592e-18,-1.03434056225,1.03434056225,1.03434056225
0.11999999999999948,24.0,0.005,0.2,0.0,-1.04173226223,1.04173226223,1.04173226223
0.12499999999999946,25.0,0.005,0.2,9.54097911787e-18,-1.0449737988,1.0449737988,1.0449737988
0.12999999999999945,26.0,0.005,0.2,1.56125112838e-17,-1.04403752728,1.04403752728,1.04403752728
0.13499999999999943,27.0,0.005,0.2,-1.86482773668e-17,-1.03891245407,1.03891245407,1.03891245407
0.1399999999999994,28.0,0.005,0.2,-1.47451495458e-17,-1.04374257704,1.04374257704,1.04374257704
0.14499999999999938,29.0,0.005,0.2,8.67361737988e-19,-1.05106261163,1.05106261163,1.05106261163
0.14999999999999936,30.0,0.005,0.2,-1.04083408559e-17,-1.05419482489,1.05419482489,1.05419482489
0.15499999999999933,31.0,0.005,0.2,1.69135538908e-17,-1.05311187752,1.05311187752,1.05311187752
0.1599999999999993,32.0,0.005,0.2,2.55871712707e-17,-1.04780323208,1.04780323208,1.04780323208
0.1649999999999993,33.0,0.005,0.2,1.04083408559e-17,-1.05322546749,1.05322546749,1.05322546749
0.16999999999999926,34.0,0.005,0.2,-1.73472347598e-18,-1.06047195805,1.06047195805,1.06047195805
0.17499999999999924,35.0,0.005,0.2,-3.90312782095e-17,-1.06349264607,1.06349264607,1.06349264607
0.17999999999999922,36.0,0.005,0.2,5.16080234103e-17,-1.06226050526,1.06226050526,1.06226050526
0.1849999999999992,37.0,0.005,0.2,-7.3725747729e-18,-1.05676546334,1.05676546334,1.05676546334
0.18999999999999917,38.0,0.005,0.2,3.03576608296e-18,-1.06278988759,1.06278988759,1.06278988759
0.19499999999999915,39.0,0.005,0.2,3.46944695195e-18,-1.06996092819,1.06996092819,1.06996092819
0.19999999999999912,40.0,0.005,0.2,-6.93889390391e-18,-1.07286785909,1.07286785909,1.07286785909
0.20499999999999913,41.0,0.005,0.2,-5.20417042793e-18,-1.07148397483,1.07148397483,1.07148397483
0.2099999999999991,42.0,0.005,0.2,2.42861286637e-17,-1.06579967737,1.06579967737,1.06579967737
0.21499999999999908,43.0,0.005,0.2,-2.34187669257e-17,-1.0724364962,1.0724364962,1.0724364962
0.21999999999999906,44.0,0.005,0.2,1.08420217249e-17,-1.07953015327,1.07953015327,1.07953015327
0.22499999999999903,45.0,0.005,0.2,9.10729824888e-18,-1.08232106491,1.08232106491,1.08232106491
0.229999999999999,46.0,0.005,0.2,6.93889390391e-18,-1.08078285441,1.08078285441,1.08078285441
0.234999999999999,47.0,0.005,0.2,-2.08166817117e-17,-1.07490640719,1.07490640719,1.07490640719
0.23999999999999896,48.0,0.005,0.2,5.20417042793e-18,-1.08216595714,1.08216595714,1.08216595714
0.24499999999999894,49.0,0.005,0.2,-4.33680868994e-19,-1.08918026911,1.08918026911,1.08918026911
0.24999999999999892,50.0,0.005,0.2,1.30104260698e-18,-1.09185286873,1.09185286873,1.09185286873
0.2549999999999989,51.0,0.005,0.2,1.77809156288e-17,-1.09015771604,1.09015771604,1.09015771604
0.2599999999999989,52.0,0.005,0.2,5.63785129692e-18,-1.08408618926,1.08408618926,1.08408618926
0.26499999999999885,53.0,0.005,0.2,-6.07153216592e-18,-1.09197893915,1.09197893915,1.09197893915
0.26999999999999885,54.0,0.005,0.2,-6.93889390391e-18,-1.09891191617,1.09891191617,1.09891191617
0.2749999999999988,55.0,0.005,0.2,3.72965547335e-17,-1.10146388002,1.10146388002,1.10146388002
0.2799999999999988,56.0,0.005,0.2,2.51534904017e-17,-1.09960913565,1.09960913565,1.09960913565
0.28499999999999875,57.0,0.005,0.2,-3.46944695195e-18,-1.09333956357,1.09333956357,1.09333956357
0.28999999999999876,58.0,0.005,0.2,-2.81892564846e-17,-1.10187611596,1.10187611596,1.10187611596
0.2949999999999987,59.0,0.005,0.2,7.3725747729e-18,-1.10872573952,1.10872573952,1.10872573952
0.2999999999999987,60.0,0.005,0.2,-2.60208521397e-18,-1.11115471254,1.11115471254,1.11115471254
0.30499999999999866,61.0,0.005,0.2,-1.95156391047e-17,-1.1091376931,1.1091376931,1.1091376931
0.30999999999999867,62.0,0.005,0.2,-2.16840434497e-17,-1.10266707361,1.10266707361,1.10266707361
0.3149999999999986,63.0,0.005,0.2,6.07153216592e-18,-1.11185816634,1.11185816634,1.11185816634
0.3199999999999986,64.0,0.005,0.2,6.93889390391e-18,-1.11862238894,1.11862238894,1.11862238894
0.3249999999999986,65.0,0.005,0.2,2.60208521397e-18,-1.12092598434,1.12092598434,1.12092598434
0.3299999999999986,66.0,0.005,0.2,-2.08166817117e-17,-1.11874397216,1.11874397216,1.11874397216
0.3349999999999986,67.0,0.005,0.2,7.3725747729e-18,-1.11206926641,1.11206926641,1.11206926641
0.3399999999999985,68.0,0.005,0.2,4.77048955894e-17,-1.12192577409,1.12192577409,1.12192577409
0.34499999999999853,69.0,0.005,0.2,1.21430643318e-17,-1.12860251888,1.12860251888,1.12860251888
0.3499999999999985,70.0,0.005,0.2,-2.77555756156e-17,-1.13077831784,1.13077831784,1.13077831784
0.3549999999999985,71.0,0.005,0.2,1.51788304148e-17,-1.12842856056,1.12842856056,1.12842856056
0.35999999999999843,72.0,0.005,0.2,-2.51534904017e-17,-1.12154669256,1.12154669256,1.12154669256
0.36499999999999844,73.0,0.005,0.2,2.60208521397e-18,-1.1320796281,1.1320796281,1.1320796281
0.3699999999999984,74.0,0.005,0.2,-2.94902990916e-17,-1.13866678857,1.13866678857,1.13866678857
0.3749999999999984,75.0,0.005,0.2,-7.8062556419e-18,-1.1407123398,1.1407123398,1.1407123398
0.37999999999999834,76.0,0.005,0.2,3.25260651746e-18,-1.13819205003,1.13819205003,1.13819205003
0.38499999999999834,77.0,0.005,0.2,7.3725747729e-18,-1.13128443007,1.13128443007,1.13128443007
0.3899999999999983,78.0,0.005,0.2,-1.82145964978e-17,-1.14232042239,1.14232042239,1.14232042239
0.3949999999999983,79.0,0.005,0.2,1.73472347598e-18,-1.14881586197,1.14881586197,1.14881586197
0.39999999999999825,80.0,0.005,0.2,1.73472347598e-18,-1.1507286814,1.1507286814,1.1507286814
0.40499999999999825,81.0,0.005,0.2,1.56125112838e-17,-1.14803503626,1.14803503626,1.14803503626
0.40999999999999825,82.0,0.005,0.2,1.17093834628e-17,-1.14166516085,1.14166516085,1.14166516085
0.4149999999999982,83.0,0.005,0.2,3.03576608296e-18,-1.15264885611,1.15264885611,1.15264885611
0.4199999999999982,84.0,0.005,0.2,-2.16840434497e-17,-1.15905040784,1.15905040784,1.15905040784
0.42499999999999816,85.0,0.005,0.2,7.3725747729e-18,-1.1608279782,1.1608279782,1.1608279782
0.42999999999999816,86.0,0.005,0.2,1.86482773668e-17,-1.15795811898,1.15795811898,1.15795811898
0.4349999999999981,87.0,0.005,0.2,1.82145964978e-17,-1.15213607248,1.15213607248,1.15213607248
0.4399999999999981,88.0,0.005,0.2,1.34441069388e-17,-1.16306563362,1.16306563362,1.16306563362
0.44499999999999806,89.0,0.005,0.2,-1.21430643318e-17,-1.16937109978,1.16937109978,1.16937109978
0.44999999999999807,90.0,0.005,0.2,-1.73472347598e-18,-1.17101087024,1.17101087024,1.17101087024
0.454999999999998,91.0,0.005,0.2,5.20417042793e-17,-1.16796190197,1.16796190197,1.16796190197
0.459999999999998,92.0,0.005,0.2,8.67361737988e-18,-1.16269790271,1.16269790271,1.16269790271
0.46499999999999797,93.0,0.005,0.2,1.90819582357e-17,-1.17357146449,1.17357146449,1.17357146449
0.469999999999998,94.0,0.005,0.2,2.16840434497e-18,-1.17977861623,1.17977861623,1.17977861623
0.4749999999999979,95.0,0.005,0.2,-8.67361737988e-18,-1.181278002,1.181278002,1.181278002
0.47999999999999793,96.0,0.005,0.2,1.25767452008e-17,-1.17804699306,1.17804699306,1.17804699306
0.48499999999999793,97.0,0.005,0.2,-3.85975973405e-17,-1.1733513949,1.1733513949,1.1733513949
0.4899999999999979,98.0,0.005,0.2,-2.25514051877e-17,-1.18416706353,1.18416706353,1.18416706353
0.4949999999999979,99.0,0.005,0.2,3.03576608296e-18,-1.19027364052,1.19027364052,1.19027364052
0.49999999999999784,100.0,0.005,0.2,-2.38524477947e-17,-1.19163002246,1.19163002246,1.19163002246
0.5049999999999978,101.0,0.005,0.2,2.60208521397e-17,-1.18821400417,1.18821400417,1.18821400417
0.5099999999999978,102.0,0.005,0.2,-9.54097911787e-18,-1.18409729804,1.18409729804,1.18409729804
0.5149999999999978,103.0,0.005,0.2,8.67361737988e-18,-1.19485315087,1.19485315087,1.19485315087
0.5199999999999978,104.0,0.005,0.2,-2.08166817117e-17,-1.2008568609,1.2008568609,1.2008568609
0.5249999999999977,105.0,0.005,0.2,-1.21430643318e-17,-1.20206758515,1.20206758515,1.20206758515
0.5299999999999977,106.0,0.005,0.2,-1.30104260698e-18,-1.19846355132,1.19846355132,1.19846355132
0.5349999999999977,107.0,0.005,0.2,6.07153216592e-18,-1.19493636678,1.19493636678,1.19493636678
0.5399999999999977,108.0,0.005,0.2,8.67361737988e-18,-1.20563045192,1.20563045192,1.20563045192
0.5449999999999976,109.0,0.005,0.2,-1.21430643318e-17,-1.21152897055,1.21152897055,1.21152897055
0.5499999999999976,110.0,0.005,0.2,1.04083408559e-17,-1.21259134811,1.21259134811,1.21259134811
0.5549999999999976,111.0,0.005,0.2,-2.08166817117e-17,-1.20879625468,1.20879625468,1.20879625468
0.5599999999999976,112.0,0.005,0.2,1.30104260698e-18,-1.20586936152,1.20586936152,1.20586936152
0.5649999999999976,113.0,0.005,0.2,-2.99239799606e-17,-1.2164996975,1.2164996975,1.2164996975
0.5699999999999975,114.0,0.005,0.2,-8.67361737988e-18,-1.22229066765,1.22229066765,1.22229066765
0.5749999999999975,115.0,0.005,0.2,8.67361737988e-19,-1.22320197397,1.22320197397,1.22320197397
0.5799999999999975,116.0,0.005,0.2,-2.16840434497e-17,-1.21921273855,1.21921273855,1.21921273855
0.5849999999999975,117.0,0.005,0.2,2.60208521397e-18,-1.21689704838,1.21689704838,1.21689704838
0.5899999999999974,118.0,0.005,0.2,-3.36102673471e-18,-1.22746162377,1.22746162377,1.22746162377
0.5949999999999974,119.0,0.005,0.2,-8.67361737988e-19,-1.23314265537,1.23314265537,1.23314265537
0.5999999999999974,120.0,0.005,0.2,4.33680868994e-19,-1.23390012997,1.23390012997,1.23390012997
0.6049999999999974,121.0,0.005,0.2,4.77048955894e-17,-1.22971363141,1.22971363141,1.22971363141
0.6099999999999973,122.0,0.005,0.2,2.60208521397e-18,-1.2280201993,1.2280201993,1.2280201993
0.6149999999999973,123.0,0.005,0.2,-4.33680868994e-19,-1.23851697236,1.23851697236,1.23851697236
0.6199999999999973,124.0,0.005,0.2,4.33680868994e-18,-1.24408564193,1.24408564193,1.24408564193
0.6249999999999973,125.0,0.005,0.2,-1.90819582357e-17,-1.24468648796,1.24468648796,1.24468648796
0.6299999999999972,126.0,0.005,0.2,8.67361737988e-18,-1.24029956596,1.24029956596,1.24029956596
0.6349999999999972,127.0,0.005,0.2,-1.82145964978e-17,-1.23923959205,1.23923959205,1.23923959205
0.6399999999999972,128.0,0.005,0.2,-1.30104260698e-17,-1.24966649034,1.24966649034,1.24966649034
0.6449999999999972,129.0,0.005,0.2,-1.64798730218e-17,-1.2551203406,1.2551203406,1.2551203406
0.6499999999999972,130.0,0.005,0.2,-6.07153216592e-18,-1.25556172445,1.25556172445,1.25556172445
0.6549999999999971,131.0,0.005,0.2,7.8062556419e-18,-1.25097117909,1.25097117909,1.25097117909
0.6599999999999971,132.0,0.005,0.2,5.20417042793e-18,-1.25055601025,1.25055601025,1.25055601025
0.6649999999999971,133.0,0.005,0.2,-2.51534904017e-17,-1.26091093028,1.26091093028,1.26091093028
0.6699999999999972,134.0,0.005,0.2,3.46944695195e-18,-1.26624746978,1.26624746978,1.26624746978
0.674999999999997,135.0,0.005,0.2,-1.51788304148e-17,-1.26652652064,1.26652652064,1.26652652064
0.679999999999997,136.0,0.005,0.2,6.07153216592e-18,-1.26172911193,1.26172911193,1.26172911193
0.6849999999999971,137.0,0.005,0.2,-2.60208521397e-18,-1.26197024346,1.26197024346,1.26197024346
0.6899999999999971,138.0,0.005,0.2,5.63785129692e-18,-1.27225105029,1.27225105029,1.27225105029
0.694999999999997,139.0,0.005,0.2,-1.51788304148e-17,-1.27746775297,1.27746775297,1.27746775297
0.699999999999997,140.0,0.005,0.2,-3.59955121265e-17,-1.27758156242,1.27758156242,1.27758156242
0.704999999999997,141.0,0.005,0.2,-1.38777878078e-17,-1.2725740099,1.2725740099,1.2725740099
0.709999999999997,142.0,0.005,0.2,4.33680868994e-18,-1.27348308718,1.27348308718,1.27348308718
0.7149999999999969,143.0,0.005,0.2,9.54097911787e-18,-1.28368761403,1.28368761403,1.28368761403
0.7199999999999969,144.0,0.005,0.2,6.93889390391e-18,-1.28878191885,1.28878191885,1.28878191885
0.7249999999999969,145.0,0.005,0.2,1.21430643318e-17,-1.28872754045,1.28872754045,1.28872754045
0.7299999999999969,146.0,0.005,0.2,-1.64798730218e-17,-1.28350652268,1.28350652268,1.28350652268
0.7349999999999969,147.0,0.005,0.2,-1.30104260698e-17,-1.28509534289,1.28509534289,1.28509534289
0.7399999999999968,148.0,0.005,0.2,-1.47451495458e-17,-1.29522139081,1.29522139081,1.29522139081
0.7449999999999968,149.0,0.005,0.2,1.47451495458e-17,-1.30019070131,1.30019070131,1.30019070131
0.7499999999999968,150.0,0.005,0.2,2.60208521397e-18,-1.2999651501,1.2999651501,1.2999651501
0.7549999999999968,151.0,0.005,0.2,2.16840434497e-17,-1.29452730428,1.29452730428,1.29452730428
0.7599999999999967,152.0,0.005,0.2,3.03576608296e-18,-1.29680781812,1.29680781812,1.29680781812
0.7649999999999967,153.0,0.005,0.2,-1.56125112838e-17,-1.30685315552,1.30685315552,1.30685315552
0.7699999999999967,154.0,0.005,0.2,-5.63785129692e-18,-1.31169483943,1.31169483943,1.31169483943
0.7749999999999967,155.0,0.005,0.2,-2.60208521397e-18,-1.31129509157,1.31129509157,1.31129509157
0.7799999999999966,156.0,0.005,0.2,-2.25514051877e-17,-1.30563701302,1.30563701302,1.30563701302
0.7849999999999966,157.0,0.005,0.2,-1.51788304148e-17,-1.30862132646,1.30862132646,1.30862132646
0.7899999999999966,158.0,0.005,0.2,-1.04083408559e-17,-1.31858368879,1.31858368879,1.31858368879
0.7949999999999966,159.0,0.005,0.2,-3.29597460436e-17,-1.32329507757,1.32329507757,1.32329507757
0.7999999999999965,160.0,0.005,0.2,6.07153216592e-18,-1.32271806987,1.32271806987,1.32271806987
0.8049999999999965,161.0,0.005,0.2,2.60208521397e-18,-1.31683631159,1.31683631159,1.31683631159
0.8099999999999965,162.0,0.005,0.2,-4.33680868994e-18,-1.32053668763,1.32053668763,1.32053668763
0.8149999999999965,163.0,0.005,0.2,-6.07153216592e-18,-1.33041377691,1.33041377691,1.33041377691
0.8199999999999965,164.0,0.005,0.2,5.20417042793e-18,-1.33499216538,1.33499216538,1.33499216538
0.8249999999999964,165.0,0.005,0.2,-2.77555756156e-17,-1.33423479484,1.33423479484,1.33423479484
0.8299999999999964,166.0,0.005,0.2,-2.51534904017e-17,-1.32812586705,1.32812586705,1.32812586705
0.8349999999999964,167.0,0.005,0.2,-4.42354486374e-17,-1.33255472748,1.33255472748,1.33255472748
0.8399999999999964,168.0,0.005,0.2,1.34441069388e-17,-1.34234421195,1.34234421195,1.34234421195
0.8449999999999963,169.0,0.005,0.2,-1.99493199737e-17,-1.34678685784,1.34678685784,1.34678685784
0.8499999999999963,170.0,0.005,0.2,-2.25514051877e-17,-1.3458459812,1.3458459812,1.3458459812
0.8549999999999963,171.0,0.005,0.2,3.55618312575e-17,-1.33950635087,1.33950635087,1.33950635087
0.8599999999999963,172.0,0.005,0.2,-1.56125112838e-17,-1.34467627808,1.34467627808,1.34467627808
0.8649999999999962,173.0,0.005,0.2,-6.93889390391e-18,-1.35437579177,1.35437579177,1.35437579177
0.8699999999999962,174.0,0.005,0.2,3.46944695195e-18,-1.35867991527,1.35867991527,1.35867991527
0.8749999999999962,175.0,0.005,0.2,-6.93889390391e-18,-1.35755234856,1.35755234856,1.35755234856
0.8799999999999962,176.0,0.005,0.2,-2.16840434497e-17,-1.35097843892,1.35097843892,1.35097843892
0.8849999999999962,177.0,0.005,0.2,-4.33680868994e-18,-1.35690217771,1.35690217771,1.35690217771
0.8899999999999961,178.0,0.005,0.2,1.99493199737e-17,-1.36650932004,1.36650932004,1.36650932004
0.8949999999999961,179.0,0.005,0.2,7.8062556419e-18,-1.37067210337,1.37067210337,1.37067210337
0.8999999999999961,180.0,0.005,0.2,2.68882138776e-17,-1.36935462148,1.36935462148,1.36935462148
0.9049999999999961,181.0,0.005,0.2,-1.21430643318e-17,-1.36254281152,1.36254281152,1.36254281152
0.909999999999996,182.0,0.005,0.2,-2.60208521397e-18,-1.36923327096,1.36923327096,1.36923327096
0.914999999999996,183.0,0.005,0.2,-3.03576608296e-17,-1.3787456063,1.3787456063,1.3787456063
0.919999999999996,184.0,0.005,0.2,1.21430643318e-17,-1.38276419329,1.38276419329,1.38276419329
0.924999999999996,185.0,0.005,0.2,-8.67361737988e-18,-1.38125352945,1.38125352945,1.38125352945
0.9299999999999959,186.0,0.005,0.2,1.38777878078e-17,-1.37420015348,1.37420015348,1.37420015348
0.934999999999996,187.0,0.005,0.2,9.97465998687e-18,-1.38167040872,1.38167040872,1.38167040872
0.939999999999996,188.0,0.005,0.2,1.73472347598e-17,-1.39108546598,1.39108546598,1.39108546598
0.944999999999996,189.0,0.005,0.2,5.20417042793e-18,-1.3949569616,1.3949569616,1.3949569616
0.9499999999999958,190.0,0.005,0.2,-7.8062556419e-18,-1.39324980695,1.39324980695,1.39324980695
0.9549999999999959,191.0,0.005,0.2,2.77555756156e-17,-1.38595115408,1.38595115408,1.38595115408
0.9599999999999959,192.0,0.005,0.2,-1.12757025938e-17,-1.39421444824,1.39421444824,1.39421444824
0.9649999999999959,193.0,0.005,0.2,1.30104260698e-17,-1.40352972045,1.40352972045,1.40352972045
0.9699999999999959,194.0,0.005,0.2,1.64798730218e-17,-1.40725119037,1.40725119037,1.40725119037
0.9749999999999958,195.0,0.005,0.2,-8.67361737988e-18,-1.40534419347,1.40534419347,1.40534419347
0.9799999999999958,196.0,0.005,0.2,1.82145964978e-17,-1.39779650711,1.39779650711,1.39779650711
0.9849999999999958,197.0,0.005,0.2,1.99493199737e-17,-1.40686625319,1.40686625319,1.40686625319
0.9899999999999958,198.0,0.005,0.2,-4.42354486374e-17,-1.41607919706,1.41607919706,1.41607919706
0.9949999999999957,199.0,0.005,0.2,3.81639164715e-17,-1.41964766718,1.41964766718,1.41964766718
0.9999999999999957,200.0,0.005,0.2,4.33680868994e-18,-1.41753743353,1.41753743353,1.41753743353
