cell,x,y,z,volume,numerical,exact,error,absError
0,3.3333333333271382e-02,3.3333333333472069e-02,5.0000000000000010e-02,5.0000000000115154e-04,9.9029967446741873e-01,9.8907380036687775e-01,1.2258741005409801e-03,1.2258741005409801e-03
1,6.6666666666562804e-02,6.6666666666924057e-02,5.0000000000000003e-02,5.0000000000115187e-04,9.6298311843502205e-01,9.5677272882120235e-01,6.2103896138197001e-03,6.2103896138197001e-03
2,6.6666666666602953e-02,1.3333333333382569e-01,5.0000000000000003e-02,5.0000000000111630e-04,9.0419000128479110e-01,8.9358229755379914e-01,1.0607703730991958e-02,1.0607703730991958e-02
3,3.3333333333311503e-02,1.6666666666731789e-01,5.0000000000000003e-02,5.0000000000175414e-04,8.7519086623561493e-01,8.6128122600776302e-01,1.3909640227851905e-02,1.3909640227851905e-02
4,3.3333333333311503e-02,2.3333333333426201e-01,5.0000000000000010e-02,5.0000000000175360e-04,7.2889124704116703e-01,7.3907380036496662e-01,-1.0182553323799581e-02,1.0182553323799581e-02
5,6.6666666666643087e-02,2.6666666666766797e-01,5.0000000000000003e-02,5.0000000000170134e-04,6.5321134985847551e-01,6.5450849718519744e-01,-1.2971473267219258e-03,1.2971473267219258e-03
6,6.6666666666683264e-02,3.3333333333456511e-01,5.0000000000000003e-02,5.0000000000170102e-04,4.9963513694728018e-01,4.8907380036361936e-01,1.0561336583660819e-02,1.0561336583660819e-02
7,3.3333333333351672e-02,3.6666666666810332e-01,5.0000000000000017e-02,5.0000000000235674e-04,4.2439824382759889e-01,4.0450849718337073e-01,1.9889746644228157e-02,1.9889746644228157e-02
8,3.3333333333351652e-02,4.3333333333504009e-01,5.0000000000000010e-02,5.0000000000224713e-04,1.8812435347837289e-01,2.0677272881608330e-01,-1.8648375337710410e-02,1.8648375337710410e-02
9,6.6666666666723398e-02,4.6666666666839263e-01,5.0000000000000010e-02,5.0000000000220972e-04,9.4874746633725304e-02,1.0224426554836852e-01,-7.3695189146432138e-03,7.3695189146432138e-03
10,6.6666666666763533e-02,5.3333333333497490e-01,5.0000000000000003e-02,4.9999999999767808e-04,-9.4874746642883048e-02,-1.0224426555865711e-01,7.3695189157740593e-03,7.3695189157740593e-03
11,3.3333333333391807e-02,5.6666666666819676e-01,5.0000000000000003e-02,4.9999999999751719e-04,-1.8812435348840739e-01,-2.0677272882597247e-01,1.8648375337565082e-02,1.8648375337565082e-02
12,3.3333333333391800e-02,6.3333333333440822e-01,5.0000000000000003e-02,4.9999999999740920e-04,-4.2439824383378411e-01,-4.0450849719053372e-01,-1.9889746643250383e-02,1.9889746643250383e-02
13,6.6666666666803667e-02,6.6666666666746077e-01,5.0000000000000003e-02,4.9999999999818939e-04,-4.9963513695117667e-01,-4.8907380036897141e-01,-1.0561336582205261e-02,1.0561336582205261e-02
14,6.6666666666843788e-02,7.3333333333372874e-01,5.0000000000000003e-02,4.9999999999818636e-04,-6.5321134986043428e-01,-6.5450849718829918e-01,1.2971473278649004e-03,1.2971473278649004e-03
15,3.3333333333431928e-02,7.6666666666688033e-01,5.0000000000000010e-02,4.9999999999800996e-04,-7.2889124704352815e-01,-7.3907380036732540e-01,1.0182553323797250e-02,1.0182553323797250e-02
16,3.3333333333431928e-02,8.3333333333317683e-01,5.0000000000000010e-02,4.9999999999939654e-04,-8.7519086623580444e-01,-8.6128122600850177e-01,-1.3909640227302678e-02,1.3909640227302678e-02
17,6.6666666666883895e-02,8.6666666666637626e-01,5.0000000000000003e-02,5.0000000000003882e-04,-9.0419000128418281e-01,-8.9358229755388396e-01,-1.0607703730298845e-02,1.0607703730298845e-02
18,6.6666666666924071e-02,9.3333333333306079e-01,5.0000000000000003e-02,5.0000000000378583e-04,-9.6298311843439754e-01,-9.5677272882096187e-01,-6.2103896134356740e-03,6.2103896134356740e-03
19,3.3333333333472062e-02,9.6666666666652767e-01,5.0000000000000003e-02,5.0000000000416313e-04,-9.9029967446724565e-01,-9.8907380036681203e-01,-1.2258741004336215e-03,1.2258741004336215e-03
20,1.6666666666635180e-01,3.3333333333431921e-02,5.0000000000000010e-02,5.0000000000019278e-04,8.7519086623696729e-01,8.6128122600923795e-01,1.3909640227729336e-02,1.3909640227729336e-02
21,1.3333333333312430e-01,6.6666666666883936e-02,5.0000000000000017e-02,5.0000000000083018e-04,9.0419000128546467e-01,8.9358229755450813e-01,1.0607703730956541e-02,1.0607703730956541e-02
22,1.3333333333316441e-01,1.3333333333378561e-01,5.0000000000000003e-02,5.0000000000079451e-04,8.4459979572155730e-01,8.3456530317909838e-01,1.0034492542458917e-02,1.0034492542458917e-02
23,1.6666666666647689e-01,1.6666666666719271e-01,5.0000000000000003e-02,5.0000000000079549e-04,7.5755349219381274e-01,7.4999999999954259e-01,7.5534921942701505e-03,7.5534921942701505e-03
24,1.6666666666656210e-01,2.3333333333404471e-01,5.0000000000000010e-02,5.0000000000075982e-04,6.4583317766268400e-01,6.4358229755320351e-01,2.2508801094804909e-03,2.2508801094804909e-03
25,1.3333333333328959e-01,2.6666666666753569e-01,5.0000000000000003e-02,5.0000000000145208e-04,6.1236283544147863e-01,6.1128122600695822e-01,1.0816094345204030e-03,1.0816094345204030e-03
26,1.3333333333332981e-01,3.3333333333443271e-01,5.0000000000000003e-02,5.0000000000145176e-04,4.6435294405825689e-01,4.5677272881857023e-01,7.5802152396866607e-03,7.5802152396866607e-03
27,1.6666666666668731e-01,3.6666666666779152e-01,5.0000000000000010e-02,5.0000000000143452e-04,3.5767968147335039e-01,3.5224426555083799e-01,5.4354159225123988e-03,5.4354159225123988e-03
28,1.6666666666677230e-01,4.3333333333463608e-01,4.9999999999999989e-02,5.0000000000135765e-04,1.7791514016498450e-01,1.8005680598845406e-01,-2.1416658234695574e-03,2.1416658234695574e-03
29,1.3333333333345501e-01,4.6666666666816808e-01,5.0000000000000003e-02,5.0000000000203072e-04,9.1397623200059133e-02,9.5491502808224743e-02,-4.0938796081656098e-03,4.0938796081656098e-03
30,1.3333333333349509e-01,5.3333333333475053e-01,5.0000000000000003e-02,4.9999999999750038e-04,-9.1397623205596912e-02,-9.5491502816549584e-02,4.0938796109526721e-03,4.0938796109526721e-03
31,1.6666666666689739e-01,5.6666666666780952e-01,5.0000000000000003e-02,4.9999999999829901e-04,-1.7791514016817769e-01,-1.8005680599492133e-01,2.1416658267436328e-03,2.1416658267436328e-03
32,1.6666666666698249e-01,6.3333333333414621e-01,5.0000000000000003e-02,4.9999999999822344e-04,-3.5767968147453588e-01,-3.5224426555546545e-01,-5.4354159190704299e-03,5.4354159190704299e-03
33,1.3333333333362030e-01,6.6666666666736174e-01,5.0000000000000003e-02,4.9999999999808271e-04,-4.6435294405991112e-01,-4.5677272882284442e-01,-7.5802152370667009e-03,7.5802152370667009e-03
34,1.3333333333366040e-01,7.3333333333362971e-01,5.0000000000000003e-02,4.9999999999807848e-04,-6.1236283544138126e-01,-6.1128122600912649e-01,-1.0816094322547709e-03,1.0816094322547709e-03
35,1.6666666666710761e-01,7.6666666666674588e-01,5.0000000000000003e-02,4.9999999999889673e-04,-6.4583317766133275e-01,-6.4358229755400609e-01,-2.2508801073266582e-03,2.2508801073266582e-03
36,1.6666666666719271e-01,8.3333333333315185e-01,5.0000000000000003e-02,5.0000000000000727e-04,-7.5755349219152890e-01,-7.4999999999903755e-01,-7.5534921924913512e-03,7.5534921924913512e-03
37,1.3333333333378561e-01,8.6666666666638648e-01,5.0000000000000003e-02,5.0000000000000283e-04,-8.4459979571982635e-01,-8.3456530317857403e-01,-1.0034492541252327e-02,1.0034492541252327e-02
38,1.3333333333382569e-01,9.3333333333307089e-01,5.0000000000000003e-02,5.0000000000375113e-04,-9.0419000128400928e-01,-8.9358229755360452e-01,-1.0607703730404761e-02,1.0607703730404761e-02
39,1.6666666666731780e-01,9.6666666666653789e-01,5.0000000000000003e-02,5.0000000000401047e-04,-8.7519086623521369e-01,-8.6128122600772028e-01,-1.3909640227493414e-02,1.3909640227493414e-02
40,2.3333333333283551e-01,3.3333333333431928e-02,5.0000000000000003e-02,5.0000000000001953e-04,7.2889124704457742e-01,7.3907380036791959e-01,-1.0182553323342169e-02,1.0182553323342169e-02
41,2.6666666666613759e-01,6.6666666666843802e-02,5.0000000000000003e-02,5.0000000000007298e-04,6.5321134986193863e-01,6.5450849718860449e-01,-1.2971473266658595e-03,1.2971473266658595e-03
42,2.6666666666626981e-01,1.3333333333366040e-01,5.0000000000000003e-02,4.9999999999996597e-04,6.1236283544369630e-01,6.1128122600934087e-01,1.0816094343554239e-03,1.0816094343554239e-03
43,2.3333333333305270e-01,1.6666666666710761e-01,5.0000000000000003e-02,5.0000000000065715e-04,6.4583317766386317e-01,6.4358229755437268e-01,2.2508801094904829e-03,2.2508801094904829e-03
44,2.3333333333313769e-01,2.3333333333395961e-01,5.0000000000000003e-02,5.0000000000062158e-04,5.5870752973123239e-01,5.5226423163315408e-01,6.4432980980783094e-03,6.4432980980783094e-03
45,2.6666666666648708e-01,2.6666666666731842e-01,5.0000000000000003e-02,5.0000000000062093e-04,4.5341311682886309e-01,4.4773576836543560e-01,5.6773484634274896e-03,5.6773484634274896e-03
46,2.6666666666661942e-01,3.3333333333412091e-01,5.0000000000000003e-02,5.0000000000062126e-04,3.3338878755921919e-01,3.3456530317805055e-01,-1.1765156188313641e-03,1.1765156188313641e-03
47,2.3333333333335510e-01,3.6666666666761188e-01,5.0000000000000010e-02,5.0000000000133022e-04,3.0092095392120422e-01,3.0226423163179217e-01,-1.3432777105879534e-03,1.3432777105879534e-03
48,2.3333333333344011e-01,4.3333333333445662e-01,5.0000000000000003e-02,5.0000000000125422e-04,1.5933836982057539e-01,1.5450849718486193e-01,4.8298726357134669e-03,4.8298726357134669e-03
49,2.6666666666683669e-01,4.6666666666776430e-01,5.0000000000000010e-02,5.0000000000127026e-04,7.4175566785313854e-02,6.9943194005708489e-02,4.2323727796053645e-03,4.2323727796053645e-03
50,2.6666666666696892e-01,5.3333333333436328e-01,5.0000000000000010e-02,4.9999999999833619e-04,-7.4175566785021657e-02,-6.9943194010124110e-02,-4.2323727748975470e-03,4.2323727748975470e-03
51,2.3333333333365741e-01,5.6666666666764642e-01,5.0000000000000003e-02,4.9999999999822907e-04,-1.5933836982111699e-01,-1.5450849718956949e-01,-4.8298726315474938e-03,4.8298726315474938e-03
52,2.3333333333374240e-01,6.3333333333398356e-01,5.0000000000000010e-02,4.9999999999815394e-04,-3.0092095392029811e-01,-3.0226423163486377e-01,1.3432777145656605e-03,1.3432777145656605e-03
53,2.6666666666718608e-01,6.6666666666709984e-01,5.0000000000000003e-02,4.9999999999898737e-04,-3.3338878755703322e-01,-3.3456530317961147e-01,1.1765156225782558e-03,1.1765156225782558e-03
54,2.6666666666731842e-01,7.3333333333349560e-01,5.0000000000000003e-02,4.9999999999898574e-04,-4.5341311682556390e-01,-4.4773576836540863e-01,-5.6773484601552737e-03,5.6773484601552737e-03
55,2.3333333333395981e-01,7.6666666666671113e-01,5.0000000000000017e-02,4.9999999999886051e-04,-5.5870752972823634e-01,-5.5226423163291749e-01,-6.4432980953188501e-03,6.4432980953188501e-03
56,2.3333333333404471e-01,8.3333333333311688e-01,5.0000000000000010e-02,4.9999999999997160e-04,-6.4583317766015136e-01,-6.4358229755282870e-01,-2.2508801073226614e-03,2.2508801073226614e-03
57,2.6666666666753569e-01,8.6666666666636172e-01,5.0000000000000003e-02,5.0000000000066495e-04,-6.1236283543935388e-01,-6.1128122600666002e-01,-1.0816094326938641e-03,1.0816094326938641e-03
58,2.6666666666766797e-01,9.3333333333308111e-01,5.0000000000000010e-02,5.0000000000358070e-04,-6.5321134985738949e-01,-6.5450849718507687e-01,1.2971473276873757e-03,1.2971473276873757e-03
59,2.3333333333426201e-01,9.6666666666653800e-01,4.9999999999999989e-02,5.0000000000400982e-04,-7.2889124704079333e-01,-7.3907380036492987e-01,1.0182553324136534e-02,1.0182553324136534e-02
60,3.6666666666582670e-01,3.3333333333391800e-02,5.0000000000000010e-02,4.9999999999941714e-04,4.2439824383397268e-01,4.0450849718986348e-01,1.9889746644109196e-02,1.9889746644109196e-02
61,3.3333333333265691e-01,6.6666666666803667e-02,5.0000000000000003e-02,5.0000000000007189e-04,4.9963513695224010e-01,4.8907380036865833e-01,1.0561336583581771e-02,1.0561336583581771e-02
62,3.3333333333278908e-01,1.3333333333362030e-01,5.0000000000000003e-02,4.9999999999996488e-04,4.6435294406194361e-01,4.5677272882246989e-01,7.5802152394737199e-03,7.5802152394737199e-03
63,3.6666666666613851e-01,1.6666666666698249e-01,5.0000000000000010e-02,4.9999999999998277e-04,3.5767968147689022e-01,3.5224426555475796e-01,5.4354159221322584e-03,5.4354159221322584e-03
64,3.6666666666631809e-01,2.3333333333374240e-01,5.0000000000000010e-02,4.9999999999991306e-04,3.0092095392334439e-01,3.0226423163422045e-01,-1.3432777108760563e-03,1.3432777108760563e-03
65,3.3333333333310089e-01,2.6666666666718619e-01,5.0000000000000003e-02,5.0000000000062256e-04,3.3338878756032020e-01,3.3456530317924582e-01,-1.1765156189256221e-03,1.1765156189256221e-03
66,3.3333333333323301e-01,3.3333333333398868e-01,5.0000000000000010e-02,5.0000000000062256e-04,2.5628661097410121e-01,2.4999999999924508e-01,6.2866109748561383e-03,6.2866109748561383e-03
67,3.6666666666662973e-01,3.6666666666730019e-01,5.0000000000000003e-02,5.0000000000062115e-04,1.7095976405415400e-01,1.6543469681987452e-01,5.5250672342794793e-03,5.5250672342794793e-03
68,3.6666666666680919e-01,4.3333333333405272e-01,5.0000000000000010e-02,5.0000000000057811e-04,8.0190333761026439e-02,8.4565303178444920e-02,-4.3749694174184811e-03,4.3749694174184811e-03
69,3.3333333333354481e-01,4.6666666666753959e-01,5.0000000000000003e-02,5.0000000000127200e-04,4.7599016582655952e-02,5.2264231632402978e-02,-4.6652150497470263e-03,4.6652150497470263e-03
70,3.3333333333367710e-01,5.3333333333413890e-01,5.0000000000000010e-02,4.9999999999833955e-04,-4.7599016580350248e-02,-5.2264231634987404e-02,4.6652150546371562e-03,4.6652150546371562e-03
71,3.6666666666712089e-01,5.6666666666725929e-01,5.0000000000000003e-02,4.9999999999915433e-04,-8.0190333757743870e-02,-8.4565303179898729e-02,4.3749694221548591e-03,4.3749694221548591e-03
72,3.6666666666730019e-01,6.3333333333372177e-01,5.0000000000000003e-02,4.9999999999911270e-04,-1.7095976405018010e-01,-1.6543469682028478e-01,-5.5250672298953196e-03,5.5250672298953196e-03
73,3.3333333333398879e-01,6.6666666666700092e-01,5.0000000000000003e-02,4.9999999999898780e-04,-2.5628661097036509e-01,-2.4999999999956307e-01,-6.2866109708020201e-03,6.2866109708020201e-03
74,3.3333333333412102e-01,7.3333333333339679e-01,5.0000000000000017e-02,4.9999999999898498e-04,-3.3338878755568818e-01,-3.3456530317806926e-01,1.1765156223810802e-03,1.1765156223810802e-03
75,3.6666666666761188e-01,7.6666666666657668e-01,5.0000000000000003e-02,4.9999999999981992e-04,-3.0092095391799523e-01,-3.0226423163173383e-01,1.3432777137385998e-03,1.3432777137385998e-03
76,3.6666666666779141e-01,8.3333333333309167e-01,5.0000000000000003e-02,5.0000000000065097e-04,-3.5767968147074658e-01,-3.5224426555069710e-01,-5.4354159200494800e-03,5.4354159200494800e-03
77,3.3333333333443271e-01,8.6666666666637171e-01,5.0000000000000003e-02,5.0000000000066593e-04,-4.6435294405607191e-01,-4.5677272881837955e-01,-7.5802152376923670e-03,7.5802152376923670e-03
78,3.3333333333456489e-01,9.3333333333309121e-01,5.0000000000000017e-02,5.0000000000358113e-04,-4.9963513694614042e-01,-4.8907380036354631e-01,-1.0561336582594116e-02,1.0561336582594116e-02
79,3.6666666666810321e-01,9.6666666666654810e-01,5.0000000000000017e-02,5.0000000000385912e-04,-4.2439824382699382e-01,-4.0450849718335757e-01,-1.9889746643636241e-02,1.9889746643636241e-02
80,4.3333333333230240e-01,3.3333333333391807e-02,5.0000000000000010e-02,4.9999999999947222e-04,1.8812435348743270e-01,2.0677272882444717e-01,-1.8648375337014467e-02,1.8648375337014467e-02
81,4.6666666666565437e-01,6.6666666666763533e-02,5.0000000000000003e-02,4.9999999999950952e-04,9.4874746642333321e-02,1.0224426555673415e-01,-7.3695189144008244e-03,7.3695189144008244e-03
82,4.6666666666587903e-01,1.3333333333349509e-01,5.0000000000000010e-02,4.9999999999933138e-04,9.1397623206395717e-02,9.5491502814752827e-02,-4.0938796083571094e-03,4.0938796083571094e-03
83,4.3333333333270652e-01,1.6666666666689739e-01,5.0000000000000010e-02,5.0000000000000500e-04,1.7791514016984880e-01,1.8005680599354817e-01,-2.1416658236993735e-03,2.1416658236993735e-03
84,4.3333333333288598e-01,2.3333333333365741e-01,5.0000000000000003e-02,4.9999999999993496e-04,1.5933836982377220e-01,1.5450849718835372e-01,4.8298726354184807e-03,4.8298726354184807e-03
85,4.6666666666628293e-01,2.6666666666696892e-01,5.0000000000000003e-02,4.9999999999991729e-04,7.4175566787982261e-02,6.9943194008773191e-02,4.2323727792090704e-03,4.2323727792090704e-03
86,4.6666666666650719e-01,3.3333333333367687e-01,5.0000000000000003e-02,4.9999999999991956e-04,4.7599016584006802e-02,5.2264231633978232e-02,-4.6652150499714301e-03,4.6652150499714301e-03
87,4.3333333333328972e-01,3.6666666666712078e-01,5.0000000000000003e-02,5.0000000000061107e-04,8.0190333761671923e-02,8.4565303179212681e-02,-4.3749694175407583e-03,4.3749694175407583e-03
88,4.3333333333346929e-01,4.3333333333387342e-01,5.0000000000000003e-02,5.0000000000056781e-04,4.9039363901487602e-02,4.3227271178267634e-02,5.8120927232199679e-03,5.8120927232199679e-03
89,4.6666666666691131e-01,4.6666666666713580e-01,5.0000000000000003e-02,5.0000000000056531e-04,1.6466273821984890e-02,1.0926199632864087e-02,5.5400741891208031e-03,5.5400741891208031e-03
90,4.6666666666713591e-01,5.3333333333375144e-01,5.0000000000000003e-02,4.9999999999923478e-04,-1.6466273817482661e-02,-1.0926199633080476e-02,-5.5400741844021852e-03,5.5400741844021852e-03
91,4.3333333333387342e-01,5.6666666666709642e-01,5.0000000000000003e-02,4.9999999999911053e-04,-4.9039363897160029e-02,-4.3227271178629040e-02,-5.8120927185309895e-03,5.8120927185309895e-03
92,4.3333333333405277e-01,6.3333333333355879e-01,5.0000000000000010e-02,4.9999999999906879e-04,-8.0190333756848489e-02,-8.4565303178664453e-02,4.3749694218159635e-03,4.3749694218159635e-03
93,4.6666666666753981e-01,6.6666666666673913e-01,5.0000000000000003e-02,4.9999999999988574e-04,-4.7599016578704183e-02,-5.2264231632483386e-02,4.6652150537792036e-03,4.6652150537792036e-03
94,4.6666666666776419e-01,7.3333333333326234e-01,5.0000000000000003e-02,4.9999999999988433e-04,-7.4175566781824714e-02,-6.9943194005732789e-02,-4.2323727760919250e-03,4.2323727760919250e-03
95,4.3333333333445662e-01,7.6666666666654182e-01,5.0000000000000003e-02,4.9999999999974295e-04,-1.5933836981732799e-01,-1.5450849718485402e-01,-4.8298726324739749e-03,4.8298726324739749e-03
96,4.3333333333463619e-01,8.3333333333305637e-01,5.0000000000000003e-02,5.0000000000057475e-04,-1.7791514016244689e-01,-1.8005680598839771e-01,2.1416658259508226e-03,2.1416658259508226e-03
97,4.6666666666816808e-01,8.6666666666634695e-01,5.0000000000000003e-02,5.0000000000125270e-04,-9.1397623198072611e-02,-9.5491502808198292e-02,4.0938796101256808e-03,4.0938796101256808e-03
98,4.6666666666839268e-01,9.3333333333310164e-01,5.0000000000000010e-02,5.0000000000333447e-04,-9.4874746632693754e-02,-1.0224426554835636e-01,7.3695189156626068e-03,7.3695189156626068e-03
99,4.3333333333504009e-01,9.6666666666654810e-01,5.0000000000000003e-02,5.0000000000374864e-04,-1.8812435347793771e-01,-2.0677272881607645e-01,1.8648375338138734e-02,1.8648375338138734e-02
100,5.6666666666560872e-01,3.3333333333351672e-02,5.0000000000000003e-02,5.0000000000153979e-04,-1.8812435347978129e-01,-2.0677272881806585e-01,1.8648375338284562e-02,1.8648375338284562e-02
101,5.3333333333230337e-01,6.6666666666723398e-02,5.0000000000000003e-02,5.0000000000137803e-04,-9.4874746634504514e-02,-1.0224426555049537e-01,7.3695189159908581e-03,7.3695189159908581e-03
102,5.3333333333252797e-01,1.3333333333345490e-01,5.0000000000000017e-02,5.0000000000119881e-04,-9.1397623199489950e-02,-9.5491502810211334e-02,4.0938796107213848e-03,4.0938796107213848e-03
103,5.6666666666599608e-01,1.6666666666677230e-01,5.0000000000000003e-02,5.0000000000039954e-04,-1.7791514016366100e-01,-1.8005680599013626e-01,2.1416658264752642e-03,2.1416658264752642e-03
104,5.6666666666615884e-01,2.3333333333344011e-01,5.0000000000000003e-02,5.0000000000029621e-04,-1.5933836981816279e-01,-1.5450849718626736e-01,-4.8298726318954377e-03,4.8298726318954377e-03
105,5.3333333333291510e-01,2.6666666666683669e-01,5.0000000000000003e-02,5.0000000000018834e-04,-7.4175566782472988e-02,-6.9943194007128701e-02,-4.2323727753442869e-03,4.2323727753442869e-03
106,5.3333333333313959e-01,3.3333333333354492e-01,5.0000000000000003e-02,5.0000000000018975e-04,-4.7599016579062972e-02,-5.2264231633463845e-02,4.6652150544008730e-03,4.6652150544008730e-03
107,5.6666666666654619e-01,3.6666666666680919e-01,5.0000000000000003e-02,4.9999999999936987e-04,-8.0190333757111404e-02,-8.4565303179193460e-02,4.3749694220820562e-03,4.3749694220820562e-03
108,5.6666666666670906e-01,4.3333333333346918e-01,5.0000000000000003e-02,4.9999999999936109e-04,-4.9039363897127840e-02,-4.3227271178639878e-02,-5.8120927184879614e-03,5.8120927184879614e-03
109,5.3333333333352706e-01,4.6666666666691131e-01,5.0000000000000010e-02,4.9999999999923500e-04,-1.6466273817488369e-02,-1.0926199633080546e-02,-5.5400741844078231e-03,5.5400741844078231e-03
110,5.3333333333375144e-01,5.3333333333352706e-01,5.0000000000000010e-02,4.9999999999790479e-04,1.6466273822106178e-02,1.0926199633296982e-02,5.5400741888091964e-03,5.5400741888091964e-03
111,5.6666666666709642e-01,5.6666666666670906e-01,5.0000000000000010e-02,4.9999999999790360e-04,4.9039363901613918e-02,4.3227271179001200e-02,5.8120927226127175e-03,5.8120927226127175e-03
112,5.6666666666725929e-01,6.3333333333329700e-01,5.0000000000000010e-02,4.9999999999789406e-04,8.0190333761839233e-02,8.4565303180148044e-02,-4.3749694183088106e-03,4.3749694183088106e-03
113,5.3333333333413890e-01,6.6666666666664021e-01,5.0000000000000010e-02,4.9999999999695178e-04,4.7599016584301192e-02,5.2264231635077631e-02,-4.6652150507764389e-03,4.6652150507764389e-03
114,5.3333333333436339e-01,7.3333333333316353e-01,5.0000000000000003e-02,4.9999999999695069e-04,7.4175566788383829e-02,6.9943194010156556e-02,4.2323727782272724e-03,4.2323727782272724e-03
115,5.6666666666764653e-01,7.6666666666640737e-01,5.0000000000000003e-02,4.9999999999696815e-04,1.5933836982394239e-01,1.5450849718959794e-01,4.8298726343444509e-03,4.8298726343444509e-03
116,5.6666666666780929e-01,8.3333333333303150e-01,5.0000000000000003e-02,4.9999999999752283e-04,1.7791514017028320e-01,1.8005680599489754e-01,-2.1416658246143361e-03,2.1416658246143361e-03
117,5.3333333333475053e-01,8.6666666666635694e-01,5.0000000000000003e-02,4.9999999999672138e-04,9.1397623207433054e-02,9.5491502816529808e-02,-4.0938796090967539e-03,4.0938796090967539e-03
118,5.3333333333497523e-01,9.3333333333311186e-01,5.0000000000000017e-02,4.9999999999880283e-04,9.4874746643893795e-02,1.0224426555864967e-01,-7.3695189147558737e-03,7.3695189147558737e-03
119,5.6666666666819687e-01,9.6666666666655832e-01,5.0000000000000003e-02,4.9999999999826377e-04,1.8812435348893411e-01,2.0677272882596950e-01,-1.8648375337035394e-02,1.8648375337035394e-02
120,6.3333333333244757e-01,3.3333333333351658e-02,5.0000000000000003e-02,5.0000000000159368e-04,-4.2439824382851599e-01,-4.0450849718494292e-01,-1.9889746643573070e-02,1.9889746643573070e-02
121,6.6666666666591823e-01,6.6666666666683236e-02,5.0000000000000003e-02,5.0000000000081284e-04,-4.9963513694740541e-01,-4.8907380036490572e-01,-1.0561336582499692e-02,1.0561336582499692e-02
122,6.6666666666601726e-01,1.3333333333332981e-01,5.0000000000000003e-02,5.0000000000056293e-04,-4.6435294405719751e-01,-4.5677272881968844e-01,-7.5802152375090692e-03,7.5802152375090692e-03
123,6.3333333333270947e-01,1.6666666666668731e-01,5.0000000000000010e-02,5.0000000000042263e-04,-3.5767968147175172e-01,-3.5224426555208321e-01,-5.4354159196685070e-03,5.4354159196685070e-03
124,6.3333333333287223e-01,2.3333333333335499e-01,5.0000000000000010e-02,5.0000000000031996e-04,-3.0092095391867602e-01,-3.0226423163282468e-01,1.3432777141486607e-03,1.3432777141486607e-03
125,6.6666666666627927e-01,2.6666666666661942e-01,5.0000000000000010e-02,4.9999999999948588e-04,-3.3338878755632773e-01,-3.3456530317877903e-01,1.1765156224513018e-03,1.1765156224513018e-03
126,6.6666666666637830e-01,3.3333333333323317e-01,5.0000000000000003e-02,4.9999999999948566e-04,-2.5628661097056282e-01,-2.4999999999974390e-01,-6.2866109708189233e-03,6.2866109708189233e-03
127,6.3333333333313413e-01,3.6666666666662973e-01,5.0000000000000003e-02,4.9999999999936066e-04,-1.7095976405027999e-01,-1.6543469682038148e-01,-5.5250672298985115e-03,5.5250672298985115e-03
128,6.3333333333329711e-01,4.3333333333328983e-01,5.0000000000000003e-02,4.9999999999935177e-04,-8.0190333757504867e-02,-8.4565303179461870e-02,4.3749694219570034e-03,4.3749694219570034e-03
129,6.6666666666664010e-01,4.6666666666650719e-01,5.0000000000000003e-02,4.9999999999853308e-04,-4.7599016579998009e-02,-5.2264231634068355e-02,4.6652150540703458e-03,4.6652150540703458e-03
130,6.6666666666673913e-01,5.3333333333313959e-01,5.0000000000000003e-02,4.9999999999880262e-04,4.7599016583069940e-02,5.2264231633544621e-02,-4.6652150504746803e-03,4.6652150504746803e-03
131,6.3333333333355868e-01,5.6666666666654619e-01,5.0000000000000003e-02,4.9999999999786153e-04,8.0190333761199203e-02,8.4565303179412951e-02,-4.3749694182137477e-03,4.3749694182137477e-03
132,6.3333333333372177e-01,6.3333333333313424e-01,5.0000000000000003e-02,4.9999999999785112e-04,1.7095976405406241e-01,1.6543469682079182e-01,5.5250672332705919e-03,5.5250672332705919e-03
133,6.6666666666700103e-01,6.6666666666637819e-01,5.0000000000000003e-02,4.9999999999785188e-04,2.5628661097378669e-01,2.5000000000006245e-01,6.2866109737242382e-03,6.2866109737242382e-03
134,6.6666666666710006e-01,7.3333333333302930e-01,5.0000000000000003e-02,4.9999999999785112e-04,3.3338878755979617e-01,3.3456530317986305e-01,-1.1765156200668758e-03,1.1765156200668758e-03
135,6.3333333333398345e-01,7.6666666666637229e-01,5.0000000000000003e-02,4.9999999999689225e-04,3.0092095392289708e-01,3.0226423163496152e-01,-1.3432777120644390e-03,1.3432777120644390e-03
136,6.3333333333414621e-01,8.3333333333299642e-01,5.0000000000000003e-02,4.9999999999744780e-04,3.5767968147642798e-01,3.5224426555545196e-01,5.4354159209760167e-03,5.4354159209760167e-03
137,6.6666666666736185e-01,8.6666666666633196e-01,5.0000000000000003e-02,4.9999999999730978e-04,4.6435294406130168e-01,4.5677272882281433e-01,7.5802152384873422e-03,7.5802152384873422e-03
138,6.6666666666746088e-01,9.3333333333312196e-01,5.0000000000000010e-02,4.9999999999856019e-04,4.9963513695191031e-01,4.8907380036894732e-01,1.0561336582962988e-02,1.0561336582962988e-02
139,6.3333333333440811e-01,9.6666666666655821e-01,5.0000000000000003e-02,4.9999999999815611e-04,4.2439824383415892e-01,4.0450849719052689e-01,1.9889746643632022e-02,1.9889746643632022e-02
140,7.6666666666606875e-01,3.3333333333311517e-02,5.0000000000000003e-02,5.0000000000099140e-04,-7.2889124704149655e-01,-7.3907380036565817e-01,1.0182553324161625e-02,1.0182553324161625e-02
141,7.3333333333269701e-01,6.6666666666643101e-02,5.0000000000000003e-02,5.0000000000081425e-04,-6.5321134985830853e-01,-6.5450849718603077e-01,1.2971473277222367e-03,1.2971473277222367e-03
142,7.3333333333279593e-01,1.3333333333328959e-01,5.0000000000000003e-02,5.0000000000056542e-04,-6.1236283544032988e-01,-6.1128122600766532e-01,-1.0816094326645542e-03,1.0816094326645542e-03
143,7.6666666666620298e-01,1.6666666666656199e-01,5.0000000000000003e-02,4.9999999999974717e-04,-6.4583317766112580e-01,-6.4358229755365448e-01,-2.2508801074713203e-03,2.2508801074713203e-03
144,7.6666666666623817e-01,2.3333333333313780e-01,5.0000000000000003e-02,4.9999999999960937e-04,-5.5870752972893056e-01,-5.5226423163346272e-01,-6.4432980954678420e-03,6.4432980954678420e-03
145,7.3333333333293005e-01,2.6666666666648720e-01,5.0000000000000003e-02,4.9999999999948501e-04,-4.5341311682609409e-01,-4.4773576836582363e-01,-5.6773484602704594e-03,5.6773484602704594e-03
146,7.3333333333302930e-01,3.3333333333310089e-01,5.0000000000000003e-02,4.9999999999948415e-04,-3.3338878755709389e-01,-3.3456530317949734e-01,1.1765156224034512e-03,1.1765156224034512e-03
147,7.6666666666637240e-01,3.6666666666631798e-01,5.0000000000000003e-02,4.9999999999865007e-04,-3.0092095392027912e-01,-3.0226423163431893e-01,1.3432777140398033e-03,1.3432777140398033e-03
148,7.6666666666640759e-01,4.3333333333288598e-01,5.0000000000000017e-02,4.9999999999867262e-04,-1.5933836982053040e-01,-1.5450849718838211e-01,-4.8298726321482910e-03,4.8298726321482910e-03
149,7.3333333333316375e-01,4.6666666666628293e-01,5.0000000000000010e-02,4.9999999999853178e-04,-7.4175566784471708e-02,-6.9943194008805554e-02,-4.2323727756661544e-03,4.2323727756661544e-03
150,7.3333333333326245e-01,5.3333333333291510e-01,5.0000000000000003e-02,4.9999999999880251e-04,7.4175566785853131e-02,6.9943194007152890e-02,4.2323727787002413e-03,4.2323727787002413e-03
151,7.6666666666654171e-01,5.6666666666615884e-01,5.0000000000000010e-02,4.9999999999878549e-04,1.5933836982096899e-01,1.5450849718625936e-01,4.8298726347096310e-03,4.8298726347096310e-03
152,7.6666666666657679e-01,6.3333333333287223e-01,5.0000000000000003e-02,4.9999999999880739e-04,3.0092095392112422e-01,3.0226423163276639e-01,-1.3432777116421657e-03,1.3432777116421657e-03
153,7.3333333333339668e-01,6.6666666666627916e-01,5.0000000000000003e-02,4.9999999999785036e-04,3.3338878755879819e-01,3.3456530317879757e-01,-1.1765156199993743e-03,1.1765156199993743e-03
154,7.3333333333349571e-01,7.3333333333293038e-01,5.0000000000000003e-02,4.9999999999785112e-04,4.5341311682798602e-01,4.4773576836579726e-01,5.6773484621887582e-03,5.6773484621887582e-03
155,7.6666666666671102e-01,7.6666666666623817e-01,5.0000000000000003e-02,4.9999999999784852e-04,5.5870752973010096e-01,5.5226423163322647e-01,6.4432980968744946e-03,6.4432980968744946e-03
156,7.6666666666674621e-01,8.3333333333297144e-01,5.0000000000000003e-02,4.9999999999812792e-04,6.4583317766256121e-01,6.4358229755409890e-01,2.2508801084623054e-03,2.2508801084623054e-03
157,7.3333333333362982e-01,8.6666666666634229e-01,5.0000000000000003e-02,4.9999999999730598e-04,6.1236283544252501e-01,6.1128122600912915e-01,1.0816094333958581e-03,1.0816094333958581e-03
158,7.3333333333372885e-01,9.3333333333313195e-01,5.0000000000000010e-02,4.9999999999855564e-04,6.5321134986110363e-01,6.5450849718828896e-01,-1.2971473271853329e-03,1.2971473271853329e-03
159,7.6666666666688021e-01,9.6666666666656842e-01,5.0000000000000003e-02,4.9999999999800324e-04,7.2889124704380426e-01,7.3907380036732528e-01,-1.0182553323521026e-02,1.0182553323521026e-02
160,8.3333333333291115e-01,3.3333333333311517e-02,5.0000000000000003e-02,5.0000000000099162e-04,-8.7519086623561626e-01,-8.6128122600812085e-01,-1.3909640227495412e-02,1.3909640227495412e-02
161,8.6666666666632741e-01,6.6666666666602967e-02,5.0000000000000003e-02,5.0000000000034988e-04,-9.0419000128445048e-01,-8.9358229755399043e-01,-1.0607703730460050e-02,1.0607703730460050e-02
162,8.6666666666631709e-01,1.3333333333316441e-01,5.0000000000000003e-02,5.0000000000002928e-04,-8.4459979572064359e-01,-8.3456530317921818e-01,-1.0034492541425410e-02,1.0034492541425410e-02
163,8.3333333333293613e-01,1.6666666666647700e-01,5.0000000000000003e-02,5.0000000000002560e-04,-7.5755349219242640e-01,-7.4999999999971767e-01,-7.5534921927087328e-03,7.5534921927087328e-03
164,8.3333333333297133e-01,2.3333333333305281e-01,5.0000000000000003e-02,4.9999999999988617e-04,-6.4583317766200266e-01,-6.4358229755446461e-01,-2.2508801075380447e-03,2.2508801075380447e-03
165,8.6666666666634207e-01,2.6666666666626992e-01,5.0000000000000003e-02,4.9999999999919445e-04,-6.1236283544205583e-01,-6.1128122600934276e-01,-1.0816094327130710e-03,1.0816094327130710e-03
166,8.6666666666633196e-01,3.3333333333278908e-01,5.0000000000000003e-02,4.9999999999919250e-04,-4.6435294406004402e-01,-4.5677272882243941e-01,-7.5802152376046039e-03,7.5802152376046039e-03
167,8.3333333333299620e-01,3.6666666666613840e-01,5.0000000000000003e-02,4.9999999999920746e-04,-3.5767968147450641e-01,-3.5224426555474475e-01,-5.4354159197616547e-03,5.4354159197616547e-03
168,8.3333333333303161e-01,4.3333333333270652e-01,5.0000000000000003e-02,4.9999999999922784e-04,-1.7791514016741680e-01,-1.8005680599352497e-01,2.1416658261081689e-03,2.1416658261081689e-03
169,8.6666666666635694e-01,4.6666666666587869e-01,5.0000000000000003e-02,4.9999999999855303e-04,-9.1397623204512418e-02,-9.5491502814734064e-02,4.0938796102216457e-03,4.0938796102216457e-03
170,8.6666666666634684e-01,5.3333333333252764e-01,5.0000000000000003e-02,5.0000000000042079e-04,9.1397623201230224e-02,9.5491502810183843e-02,-4.0938796089536184e-03,4.0938796089536184e-03
171,8.3333333333305637e-01,5.6666666666599586e-01,5.0000000000000003e-02,4.9999999999961718e-04,1.7791514016566379e-01,1.8005680599007973e-01,-2.1416658244159392e-03,2.1416658244159392e-03
172,8.3333333333309201e-01,6.3333333333270958e-01,5.0000000000000003e-02,4.9999999999964038e-04,3.5767968147341822e-01,3.5224426555194233e-01,5.4354159214758946e-03,5.4354159214758946e-03
173,8.6666666666637193e-01,6.6666666666601748e-01,5.0000000000000010e-02,4.9999999999977623e-04,4.6435294405827587e-01,4.5677272881949854e-01,7.5802152387773325e-03,7.5802152387773325e-03
174,8.6666666666636183e-01,7.3333333333279616e-01,5.0000000000000003e-02,4.9999999999977732e-04,6.1236283544098569e-01,6.1128122600736789e-01,1.0816094336177917e-03,1.0816094336177917e-03
175,8.3333333333311677e-01,7.6666666666620298e-01,5.0000000000000003e-02,4.9999999999895918e-04,6.4583317766169568e-01,6.4358229755327956e-01,2.2508801084161201e-03,2.2508801084161201e-03
176,8.3333333333315174e-01,8.3333333333293613e-01,5.0000000000000003e-02,4.9999999999923673e-04,7.5755349219258539e-01,7.4999999999921263e-01,7.5534921933727572e-03,7.5534921933727572e-03
177,8.6666666666638681e-01,8.6666666666631742e-01,5.0000000000000010e-02,4.9999999999923652e-04,8.4459979572047073e-01,8.3456530317869482e-01,1.0034492541775908e-02,1.0034492541775908e-02
178,8.6666666666637648e-01,9.3333333333314228e-01,5.0000000000000003e-02,4.9999999999965187e-04,9.0419000128445215e-01,8.9358229755389984e-01,1.0607703730552309e-02,1.0607703730552309e-02
179,8.3333333333317716e-01,9.6666666666656864e-01,5.0000000000000003e-02,4.9999999999938950e-04,8.7519086623598497e-01,8.6128122600850232e-01,1.3909640227482645e-02,1.3909640227482645e-02
180,9.6666666666657874e-01,3.3333333333271382e-02,5.0000000000000003e-02,5.0000000000038967e-04,-9.9029967446735589e-01,-9.8907380036689430e-01,-1.2258741004615992e-03,1.2258741004615992e-03
181,9.3333333333315227e-01,6.6666666666562832e-02,5.0000000000000003e-02,5.0000000000076698e-04,-9.6298311843474094e-01,-9.5677272882125097e-01,-6.2103896134899639e-03,6.2103896134899639e-03
182,9.3333333333314217e-01,1.3333333333312430e-01,5.0000000000000003e-02,5.0000000000044518e-04,-9.0419000128495541e-01,-8.9358229755452367e-01,-1.0607703730431739e-02,1.0607703730431739e-02
183,9.6666666666656831e-01,1.6666666666635180e-01,5.0000000000000017e-02,5.0000000000018541e-04,-8.7519086623666575e-01,-8.6128122600923807e-01,-1.3909640227427689e-02,1.3909640227427689e-02
184,9.6666666666656842e-01,2.3333333333283540e-01,5.0000000000000003e-02,5.0000000000001324e-04,-7.2889124704418584e-01,-7.3907380036791981e-01,1.0182553323733967e-02,1.0182553323733967e-02
185,9.3333333333313195e-01,2.6666666666613759e-01,5.0000000000000003e-02,5.0000000000044388e-04,-6.5321134986109330e-01,-6.5450849718859394e-01,1.2971473275006362e-03,1.2971473275006362e-03
186,9.3333333333312174e-01,3.3333333333265691e-01,5.0000000000000010e-02,5.0000000000044150e-04,-4.9963513695128559e-01,-4.8907380036863396e-01,-1.0561336582651626e-02,1.0561336582651626e-02
187,9.6666666666655832e-01,3.6666666666582681e-01,5.0000000000000010e-02,5.0000000000016546e-04,-4.2439824383349001e-01,-4.0450849718985643e-01,-1.9889746643633577e-02,1.9889746643633577e-02
188,9.6666666666655854e-01,4.3333333333230251e-01,5.0000000000000010e-02,5.0000000000021989e-04,-1.8812435348700551e-01,-2.0677272882444336e-01,1.8648375337437850e-02,1.8648375337437850e-02
189,9.3333333333311153e-01,4.6666666666565432e-01,5.0000000000000003e-02,5.0000000000063232e-04,-9.4874746641395447e-02,-1.0224426555672583e-01,7.3695189153303864e-03,7.3695189153303864e-03
190,9.3333333333310153e-01,5.3333333333230326e-01,5.0000000000000003e-02,5.0000000000250192e-04,9.4874746635417201e-02,1.0224426555048299e-01,-7.3695189150657925e-03,7.3695189150657925e-03
191,9.6666666666654810e-01,5.6666666666560861e-01,5.0000000000000003e-02,5.0000000000304120e-04,1.8812435348028109e-01,2.0677272881805880e-01,-1.8648375337777717e-02,1.8648375337777717e-02
192,9.6666666666654821e-01,6.3333333333244768e-01,5.0000000000000003e-02,5.0000000000309649e-04,4.2439824382876479e-01,4.0450849718493004e-01,1.9889746643834749e-02,1.9889746643834749e-02
193,9.3333333333309121e-01,6.6666666666591834e-01,5.0000000000000003e-02,5.0000000000269241e-04,4.9963513694794037e-01,4.8907380036483206e-01,1.0561336583108316e-02,1.0561336583108316e-02
194,9.3333333333308111e-01,7.3333333333269690e-01,5.0000000000000003e-02,5.0000000000269469e-04,6.5321134985873897e-01,6.5450849718590987e-01,-1.2971473271709000e-03,1.2971473271709000e-03
195,9.6666666666653789e-01,7.6666666666606886e-01,5.0000000000000003e-02,5.0000000000324720e-04,7.2889124704179475e-01,7.3907380036562131e-01,-1.0182553323826560e-02,1.0182553323826560e-02
196,9.6666666666653789e-01,8.3333333333291126e-01,5.0000000000000003e-02,5.0000000000324828e-04,8.7519086623566333e-01,8.6128122600807810e-01,1.3909640227585229e-02,1.3909640227585229e-02
197,9.3333333333307078e-01,8.6666666666632741e-01,5.0000000000000003e-02,5.0000000000298439e-04,9.0419000128442162e-01,8.9358229755379570e-01,1.0607703730625917e-02,1.0607703730625917e-02
198,9.3333333333306079e-01,9.3333333333315249e-01,5.0000000000000010e-02,5.0000000000340115e-04,9.6298311843460105e-01,9.5677272882101072e-01,6.2103896135903280e-03,6.2103896135903280e-03
199,9.6666666666652779e-01,9.6666666666657863e-01,5.0000000000000003e-02,5.0000000000340180e-04,9.9029967446731315e-01,9.8907380036682879e-01,1.2258741004843587e-03,1.2258741004843587e-03
